Dataset name,Graph count,Batch size,Batch count,Model name,Run time (average of 5 trials),Average run time per batch,Average run time per graph
dgn-cora,1,1,1,dgn-cora,0.09486579060321673,0.09486579060321673,0.09486579060321673
dgn-citeseer,1,1,1,dgn-citeseer,0.11397361399140209,0.11397361399140209,0.11397361399140209
dgn-pubmed,1,1,1,dgn-pubmed,0.54827328058891,0.54827328058891,0.54827328058891
dgn-cora-batch16,1,16,1,dgn-cora,0.09951168620027602,0.09951168620027602,0.09951168620027602
dgn-citeseer-batch16,1,16,1,dgn-citeseer,0.11504645179957151,0.11504645179957151,0.11504645179957151
dgn-pubmed-batch16,1,16,1,dgn-pubmed,0.5376281886012293,0.5376281886012293,0.5376281886012293
dgn-cora-batch256,1,256,1,dgn-cora,0.0975665521924384,0.0975665521924384,0.0975665521924384
dgn-citeseer-batch256,1,256,1,dgn-citeseer,0.11270790800917893,0.11270790800917893,0.11270790800917893
dgn-pubmed-batch256,1,256,1,dgn-pubmed,0.5101278771995567,0.5101278771995567,0.5101278771995567
